{
    "CIFAR10-ccap0.005": {
        "LATENCY_THRESHOLDS": [
            248.48058414935332,
            419.396478810978
        ],
        "IMO_THRESHOLDS": [
            29.94382570620987
        ],
        "TS_PERC_RANGES": [
            25,
            75
        ],
        "IMO_PERC_RANGES": [
            2
        ],
        "IMO_PERC_THRESHOLD_DICT": {
            "2": 29.94382570620987
        },
        "LAT_PERC_THRESHOLD_DICT": {
            "25": 248.48058414935332,
            "75": 419.396478810978
        }
    },    
    "HAR-ccap0.005": {
        "LATENCY_THRESHOLDS": [
            18.53157244307734,
            33.78383099809874
        ],
        "IMO_THRESHOLDS": [
            57.330044787415446,
            51.048509299907224
        ],
        "TS_PERC_RANGES": [
            25,
            75
        ],
        "IMO_PERC_RANGES": [
            46,
            4
        ],
        "IMO_PERC_THRESHOLD_DICT": {
            "46": 57.330044787415446,
            "4": 51.048509299907224
        },
        "LAT_PERC_THRESHOLD_DICT": {
            "25": 18.53157244307734,
            "75": 33.78383099809874
        }
    }
}